site_player_id,name,team,year,salary,row_hash,last_scrape
6287,Stephen Curry,GSW,2025,59606817,cef131f343f7c72dab87cb35f15ed45641a01ac889bc3b1fc6e9b48be9faf55f,2025-08-25T00:26:40.058835
15355,Joel Embiid,PHI,2025,55224526,555930f70b1f3f5b33c3afaf4a3e929fc0a7daa81474d51631a6ce56537437ce,2025-08-25T00:26:40.058835
15393,Nikola Jokic,DEN,2025,55224526,6875e6270a1c63bb4168f19254deb4acc9a6d3f5a0ae432db1b92013fc169d25,2025-08-25T00:26:40.058835
13328,Giannis Antetokounmpo,MIL,2025,54126450,e9224f1c7e8a82c4ddf8127e270bfce3f6d345fcb9bd509f173454d752b2d93a,2025-08-25T00:26:40.058835
8081,Jimmy Butler,GSW,2025,54126450,b5089632a4570583eb0008a83dc3853a23fb86acc5695138526ae1f1c7ab2efa,2025-08-25T00:26:40.058835
10809,Anthony Davis,DAL,2025,54126450,339011a6a8aefea6442555938445f7f9c60ee1a66d54e243ea37d1ced216bd43,2025-08-25T00:26:40.058835
23598,Jayson Tatum,BOS,2025,54126450,d7ddcb232059dd1ccf3fa26fe1e7f484dfac3fcab870fb5b5b48848e8e479c85,2025-08-25T00:26:40.058835
2717,Kevin Durant,HOU,2025,53282608,e3fd8caec3c373a980daa7a35b6a756afb5ce82f8b93bc0edf7ec6edbfb69783,2025-08-25T00:26:40.058835
17841,Devin Booker,PHX,2025,53142264,2a55c9a31348e1615caaa6308e61945c2233acd7d4365f9a924bd6d25528ea36,2025-08-25T00:26:40.058835
20208,Jaylen Brown,BOS,2025,53142264,11a723a87c0b361b4082492c8c0027de3007b5fcc95988da9f00527cb770bc0e,2025-08-25T00:26:40.058835
17829,Karl-Anthony Towns,NYK,2025,53142264,bbe886d85ed358a8bfb242fcf58a0b72b214b6ccd8af4f2de2c32af220152cd9,2025-08-25T00:26:40.058835
2257,LeBron James,LAL,2025,52627153,8143b357bfaadfae153d05544f4b504f8279a274fb95848adf0a7291961b2368,2025-08-25T00:26:40.058835
6892,Paul George,PHI,2025,51666090,915d7b528be2c3b7645d08f1958e85fe4090617b37170a2f568c277e81652157,2025-08-25T00:26:40.058835
8066,Kawhi Leonard,LAC,2025,50000000,9a7e1472af3043fbe1510af84f12880dd0ed8978b4169583e360b8e5b5c1bb19,2025-08-25T00:26:40.058835
74108,Cade Cunningham,DET,2025,46394100,bb5c2287fbd39fefcf1b03152d07b893d6a83a1d63863441d049466fbaa3aeac,2025-08-25T00:26:40.058835
23602,Lauri Markkanen,UTA,2025,46394100,45c2291d655a041c391c7e05a7a14c1d507f9a31f0041142f0aec0f097f1483e,2025-08-25T00:26:40.058835
23608,Donovan Mitchell,CLE,2025,46394100,ca1d894cc2abb98476c1aad5ba174eb04b773ed96c9109149c5b8de9b923cc57,2025-08-25T00:26:40.058835
74110,Evan Mobley,CLE,2025,46394100,f090c9bd66c5652edea8e205d5373b156b75fb2f40b618e0e27543eb55c2b44d,2025-08-25T00:26:40.058835
20212,Jamal Murray,DEN,2025,46394100,b064aced10753624188c750e5b3bb4787d24384f208f47127b33662e75f7ade0,2025-08-25T00:26:40.058835
26969,Luka Doncic,LAL,2025,45999660,90f87a1adb809370199b4f72c5d80cfbd3dcba419c9fee06cf431686301e7d17,2025-08-25T00:26:40.058835
15365,Zach LaVine,SAC,2025,45999660,4a50bb6f19859239e185e29134e5c2f9c5249df744da129c138e329d5ad70fd7,2025-08-25T00:26:40.058835
26971,Trae Young,ATL,2025,45999660,bebc01e59142209821620c1456199797740a8ce4f50a8096713beb130e3102e8,2025-08-25T00:26:40.058835
70643,Anthony Edwards,MIN,2025,45550512,2d796b126ec3043bb001043cf5be9d1465a909f06e72905552b006e57d49e868,2025-08-25T00:26:40.058835
70654,Tyrese Haliburton,IND,2025,45550512,6b942f95a89f4bb4d9400dfe310e0eb443ef70fd6add8619721daf6da96543ee,2025-08-25T00:26:40.058835
20232,Pascal Siakam,IND,2025,45550512,c8f277439edf205d78bb6f7114bdf6400fecaffcaee18deb3c7305ce92031781,2025-08-25T00:26:40.058835
20216,Domantas Sabonis,SAC,2025,42336000,b04d828c545638c3407fd9fe1c3342c97279aa02c674c798c42908bf60cb5e75,2025-08-25T00:26:40.058835
23618,OG Anunoby,NYK,2025,39568966,a8ed40135b617c4a39f8a8341eeb6667bfdbaa12e32e0623be9d01930e08bd27,2025-08-25T00:26:40.058835
31562,Darius Garland,CLE,2025,39446090,9b589400d5e7338c751e4d166a5b05a9b1872e4c0c7151c85662e059553bc7e0,2025-08-25T00:26:40.058835
31559,Ja Morant,MEM,2025,39446090,c4180f007e49cb264c07a9f0841ad247b463be34725efbe0bc30960b53835514,2025-08-25T00:26:40.058835
31558,Zion Williamson,NOP,2025,39446090,0227f1dff18ab1f5ee48a632bda05ea20c6c3c464ed2143328e201327b25f6c7,2025-08-25T00:26:40.058835
6312,James Harden,LAC,2025,39182693,a577e280b665c7928264b18c1554ae2c17535c681329bb5a5324a9405cf7e27c,2025-08-25T00:26:40.058835
74111,Scottie Barnes,TOR,2025,38661750,b06125931560fa5b98814bfcdae0af0af20f75a32731c4d1f70f77030dc7d8aa,2025-08-25T00:26:40.058835
74115,Franz Wagner,ORL,2025,38661750,0666271a413fb0d09817f92f38447122613e68c96419b6967b44716e1c1684cc,2025-08-25T00:26:40.058835
26977,Shai Gilgeous-Alexander,OKC,2025,38333050,697adcab5779d260fe13e05bb298a0470749142d3f653f0228bbba77fe949d3c,2025-08-25T00:26:40.058835
26980,Michael Porter Jr.,BKN,2025,38333050,af2a16c54030849bb46877846535d04b966b16a85e1bdf12c17d67bef77fe3a3,2025-08-25T00:26:40.058835
20207,Brandon Ingram,TOR,2025,38095238,73a0cd10886e6944b2025f8fa5454b9a09f1dd1f2de614db911ba51a770ceb62,2025-08-25T00:26:40.058835
70645,LaMelo Ball,CHA,2025,37958760,d68fcd322962e6f2c70aef733e67a85223bf5540ae43eadbea495bd09948e959,2025-08-25T00:26:40.058835
70663,Tyrese Maxey,PHI,2025,37958760,7d03b69c1063c97eed6fea615d9af71e767c51d40b6b5dca2b3da9f780a302e0,2025-08-25T00:26:40.058835
23609,Bam Adebayo,MIA,2025,37096620,c5265a8520b02137b1f84949809f76ca91df3c404bfc79349742a49f3678b68e,2025-08-25T00:26:40.058835
23600,De'Aaron Fox,SAS,2025,37096620,94cb1b204cd7c6412846d4f9ce37b86935b8684a96858735c46efc6ad987e58e,2025-08-25T00:26:40.058835
70672,Desmond Bane,ORL,2025,36725670,02a8fa9c0e8e15716da62c319d7826d7bc1d06e0d114e9e388a7d00ded7c90fd,2025-08-25T00:26:40.058835
8051,Kyrie Irving,DAL,2025,36566002,0a26269bb7ae362fac67aff2176cc65144f8ffb2af8cae51ac786b3eeddffed4,2025-08-25T00:26:40.058835
13340,Rudy Gobert,MIN,2025,35000000,407698d4fbe8cc704c24028e12cfa7126603b263cdc6ad092eb6d0f1a149c4ad,2025-08-25T00:26:40.058835
26970,Jaren Jackson Jr.,MEM,2025,35000000,a868e139cfc9b627a71615d3bee26f3f51ce8a6247326fc89da7efbf611a9e1b,2025-08-25T00:26:40.058835
74112,Jalen Suggs,ORL,2025,35000000,667745e27f2914cc31092dcd52926a1f1502c956ed12b2d17879ea937b846d94,2025-08-25T00:26:40.058835
26999,Jalen Brunson,NYK,2025,34944001,b79292d60009acfbcf613672a6e31536d10ff8f5d88f9f20df77e37609669877,2025-08-25T00:26:40.058835
74123,Alperen Sengun,HOU,2025,33944954,327c66c2e8b9c641f18c0f702f128b150e46f8e1314bf7696a6f9a7bba9ec5ba,2025-08-25T00:26:40.058835
74109,Jalen Green,PHX,2025,33333333,ee3805844b7a86d2e482ad47a380bc3660a4b7e35a9802247c13227b2a99f6c5,2025-08-25T00:26:40.058835
10864,Khris Middleton,WAS,2025,33296296,757df9dcb4661d0f5b11ec51af3702585d4c186e49ee9e89a8b742cd24334e9a,2025-08-25T00:26:40.058835
70667,Immanuel Quickley,TOR,2025,32500000,51cd8a2e4386b011059a4f27525b626637cd7bd92f8a590fb6c134caac11d8bd,2025-08-25T00:26:40.058835
6316,Jrue Holiday,POR,2025,32400000,7922a917896a4342cf9ab117ad2b34364daf11cba181b6f9cdcaf24db6d83958,2025-08-25T00:26:40.058835
15391,Jerami Grant,POR,2025,32000001,c5bb0d3ec9142bc57659677e616ca51cc4a9c1e1b4da217e073606d01c458431,2025-08-25T00:26:40.058835
31587,Jordan Poole,NOP,2025,31848215,6f3b0430aa08cfe68cd0d20286bc2598eec64a1e19b9588eb2f0e5718f52ff28,2025-08-25T00:26:40.058835
31570,Tyler Herro,MIA,2025,31000000,45d4b08d6fe459f9435f4fafb936528f0d0aa2608920a1b6990a82f406bad2b1,2025-08-25T00:26:40.058835
15359,Julius Randle,MIN,2025,30864198,010eaea2c5b91453459db9f67676e60429c95276d460fd455362abf0d4ae3990,2025-08-25T00:26:40.058835
17832,Kristaps Porzingis,ATL,2025,30731707,f8aaa27d0fa79222b5361e51123145e82b780df37aa9105930dc7975caf95964,2025-08-25T00:26:40.058835
13323,C.J. McCollum,WAS,2025,30666666,9e6e48a2a39094fd27061b4763120508c3236d2e8fb8e9498132e6bbab983651,2025-08-25T00:26:40.058835
74127,Jalen Johnson,ATL,2025,30000000,e34410c64fdeb0464f816f3b6a52528888d6da696ea4f941732d5dd5c9ce66d6,2025-08-25T00:26:40.058835
23644,Isaiah Hartenstein,OKC,2025,28500000,3efc0652eaa381b8cda8338a788263d1398340228370dfa087730e84862f7836,2025-08-25T00:26:40.058835
15353,Andrew Wiggins,MIA,2025,28223215,01e95b7367651bf0518db94b7b983364e8ace1bb4ff1e6bdda9b0e6e560776b4,2025-08-25T00:26:40.058835
31560,R.J. Barrett,TOR,2025,27705357,f02f88152e892c77ef4cfde27c73d3d516d6ef24a5b18f2bf88650a3a9035a8c,2025-08-25T00:26:40.058835
26990,Anfernee Simons,BOS,2025,27678571,4893344ca222cd64419bce32c4af8985786a802cf85ae07851f509a7d0321bde,2025-08-25T00:26:40.058835
70653,Devin Vassell,SAS,2025,27000000,92ae7a54a6a9ef24dd9b2b442b18594f1ca13b745dc0d97b36c06eb00b6bb09c,2025-08-25T00:26:40.058835
20234,Dejounte Murray,NOP,2025,26783568,da4382cbc18dd64de0409f8e693875409e1fd07a256252ff34ed4ecefff9b489,2025-08-25T00:26:40.058835
17844,Terry Rozier,MIA,2025,26643031,d47717b67a6ea88eee25b0ae80d269e194b8030126232b2ffe4da8d57a84e540,2025-08-25T00:26:40.058835
8070,Tobias Harris,DET,2025,26634146,8f407b7c5d6f7a95a3406faf14cd9e1ab516ee44cc0af6bbc0b7732493c7183e,2025-08-25T00:26:40.058835
23614,John Collins,LAC,2025,26580000,90e08c85fb316502600c6d7bc0cf34d5dbb73eb202ceaec36fa5c102bd370f2c,2025-08-25T00:26:40.058835
23624,Derrick White,BOS,2025,26350000,31cc226e77b6b74964cea5a3f54ba39e7bdeafe34a1fafea0bef81f6fba76459,2025-08-25T00:26:40.058835
10860,Draymond Green,GSW,2025,25892857,fc6ee161b9f1a8000a4523728acb475a0f629e9c3deaf2d88c0e2ce7bf8a11d5,2025-08-25T00:26:40.058835
31590,Nicolas Claxton,BKN,2025,25352272,c7ae561d4033f6e09bdb21f2b3517bc98cf6a0fe93a32e3a9b599d172d81b3b9,2025-08-25T00:26:40.058835
17839,Myles Turner,MIL,2025,25318251,042b23e2e2f093b5f81976b4ea37023a034ac3fe6e247c122dd69beea355024d,2025-08-25T00:26:40.058835
26978,Miles Bridges,CHA,2025,25000000,c638a3b385d0a7612bed147039151e1fe7c631ab4a1258e60e31e2c841041d63,2025-08-25T00:26:40.058835
74124,Trey Murphy III,NOP,2025,25000000,d45b3525d93d9a4c4f4b19c96bd36634f6812f989545080e69c7fb0d0a8e4cde,2025-08-25T00:26:40.058835
20778,Fred VanVleet,HOU,2025,25000000,a231c7a83d625fbea2a6e086051e7bc07447620518ffc8a07d97cdd43d53893e,2025-08-25T00:26:40.058835
26976,Mikal Bridges,NYK,2025,24900000,51d71c4fc8053972556092edd33316479b2aa5f74e1af4f8d281099249c530fa,2025-08-25T00:26:40.058835
6327,DeMar DeRozan,SAC,2025,24750000,9e7e89fc7d9762c87f33b163cddcbd8acb7a7a33e108a38aab6e17d00b715b08,2025-08-25T00:26:40.058835
70670,Jaden McDaniels,MIN,2025,24393103,92f53d7fdd519d549c94182c3d3c5745c7ae90e9185c45c1bdd711a2e80bde24,2025-08-25T00:26:40.058835
31561,De'Andre Hunter,CLE,2025,23303571,be3af951a158c41e82e25da78c59c87b77e3e0ddada5048a5093f1ca9f117653,2025-08-25T00:26:40.058835
15356,Aaron Gordon,DEN,2025,22841455,9120bb44365ee8cf44c9c576406f9d4a9df95a822fb409f6d89c82c8db8020f9,2025-08-25T00:26:40.058835
23622,Kyle Kuzma,MIL,2025,22077272,c358ffa7421f553d19e3a380d8953497cac5713a3ef8ec3edfe0189360566062,2025-08-25T00:26:40.058835
13321,Kentavious Caldwell-Pope,MEM,2025,21621500,4c52c66bb817d779091240a99f5762e66913a1e78121dadaeb1f723e12ad16b9,2025-08-25T00:26:40.058835
32045,Naz Reid,MIN,2025,21551724,a7790f8aeb92ee23bc14583f3ec4cc3627221a43df27c472e5da7126b8937ac7,2025-08-25T00:26:40.058835
8067,Nikola Vucevic,CHI,2025,21481481,571bc864dc1e95f9ee43d23692aee859a3e6a0fef18b3fa4aa149345d5b67647,2025-08-25T00:26:40.058835
23646,Dillon Brooks,PHX,2025,21124110,e9bdc392952681a23785cce92b705628624a7f6e3b43eb2a15bb55d96bf1d69a,2025-08-25T00:26:40.058835
31568,Cameron Johnson,DEN,2025,20543478,6ed3cce9edca13a5ad62f5d6bc79fba91db89b8a3716a94439e328bff9c2bc43,2025-08-25T00:26:40.058835
17874,Norman Powell,MIA,2025,20482758,d733ccd4e5b9afdfd64dcb00466d19c70b73bca5511328d97825482441e0916d,2025-08-25T00:26:40.058835
23617,Jarrett Allen,CLE,2025,20000000,42ba27a688556c3005baf57d1e29fc806e3741f2e42b8c812a06cb2a98e8df9e,2025-08-25T00:26:40.058835
20214,Jakob Poeltl,TOR,2025,19500000,f3d236d135aeafa81dd9b9be7986df9a0d486a4654aa7a17261a8933088dcc91,2025-08-25T00:26:40.058835
23625,Josh Hart,NYK,2025,19472240,3a8f5f547b428c3975668264e04a762178e6bfdb62a213c9a12feb12e2a30ffa,2025-08-25T00:26:40.058835
15368,Jusuf Nurkic,UTA,2025,19375000,7704d5a5439cf420a22bcfbf2ed580443551edbaabb3f2dddd82ca3cf5cf8870,2025-08-25T00:26:40.058835
10815,Harrison Barnes,SAS,2025,19000000,7b68b248563885fe0a3e2745e977c86d43ef0b90aad905ad9b29afed69c78cfc,2025-08-25T00:26:40.058835
26974,Collin Sexton,CHA,2025,18975000,812772e09e70471fa42d0bf863338108a4eca8f010827553a60e26129cce7ba6,2025-08-25T00:26:40.058835
23606,Malik Monk,SAC,2025,18797619,a3e09e9df8d5fbcaf5218d6fb708ac07c1e915339162a58bd22179f662bf8396,2025-08-25T00:26:40.058835
74137,Santi Aldama,MEM,2025,18485916,e1438ecf785f9515d5a6df605aa6c1bd38f1898c0bf30b5cfc64c11e6043ea3d,2025-08-25T00:26:40.058835
31566,Rui Hachimura,LAL,2025,18259259,29e4b66d036ffd6c95c66266dad562dbded80fbf7d4176dbb1acfb509b2e12b0,2025-08-25T00:26:40.058835
21076,Alex Caruso,OKC,2025,18102000,f2dfc4534734c60dd3880fd623a6fd56ee918de76ef7e2562aa57b7e89139668,2025-08-25T00:26:40.058835
78137,Andrew Nembhard,IND,2025,18102000,0853a790afbcbdf789c91891383ffa18df8b9312502f391cc2ce586be4fee470,2025-08-25T00:26:40.058835
20238,Ivica Zubac,LAC,2025,18102000,233f46b829d2d6becb2b898f6b16505f941921ee5202c2e5b58573e9d4a48d70,2025-08-25T00:26:40.058835
23605,Zach Collins,CHI,2025,18080496,d402c63b684aecf555a2e8ab579457a10ad2b9b3668783b76b15ea705307215e,2025-08-25T00:26:40.058835
70646,Patrick Williams,CHI,2025,18000000,992291a09aa78062241abc11901814fca308da577e3bef7325639655dd57b59d,2025-08-25T00:26:40.058835
26985,Kevin Huerter,CHI,2025,17991071,8e67e03b0131d00030b3846bb30d4ca7eec5e2ba08a51ea611191b950e0b76fc,2025-08-25T00:26:40.058835
33033,Luguentz Dort,OKC,2025,17722222,f54c55ff3093703ced9af56dddda6262e724c0148de3cbf017faa07e8e8787ce,2025-08-25T00:26:40.058835
31588,Keldon Johnson,SAS,2025,17500000,76228a5bef354a25b1e2181dedf8eac53c3898e314563ba4c5b423534a46655c,2025-08-25T00:26:40.058835
26987,Grayson Allen,PHX,2025,16875000,7546100ad0127c6c90b2495a706cbd1af550e5b00575435757e76c472e283661,2025-08-25T00:26:40.058835
27658,Duncan Robinson,DET,2025,16834692,1e1adc58f48e156330837fa2084f3fece8ef392b46e88eb78d89d6b4a11aab5d,2025-08-25T00:26:40.058835
8062,Klay Thompson,DAL,2025,16666667,2e29cf72f09ee59f06f9dd2da6a93a513534359989bd82cc8e04f1d87a6a2de1,2025-08-25T00:26:40.058835
15379,Bogdan Bogdanovic,LAC,2025,16020000,5e338ff62d08c555c2eb12a109887a409b4e58ee16ffcaf7f766d78f33896d2b,2025-08-25T00:26:40.058835
32411,Max Strus,CLE,2025,15936452,c7a8e4fb87e832eb02e5c5ff782611acc2d83f28dc39feab483cb577ea773fcd,2025-08-25T00:26:40.058835
31607,Terance Mann,BKN,2025,15500000,20b1fed7151f1bb7b295c6edd28b08aa2b5aac5dde17c8cadb108b498ab2244d,2025-08-25T00:26:40.058835
78110,Paolo Banchero,ORL,2025,15334769,c55c552b2175b058e42393dd2fbe3730f70d1c3531537ea9362fb8b378bd9b92,2025-08-25T00:26:40.058835
31574,Nickeil Alexander-Walker,ATL,2025,15161800,a499e5d7f15912fd303d3c5439b956c946c83ef6eb657381cd6ea15dbc107d48,2025-08-25T00:26:40.058835
23601,Jonathan Isaac,ORL,2025,15000000,aecd2e74426773c105f4ea897447746311364acd806897ff0911eb779f1b8c36,2025-08-25T00:26:40.058835
70648,Onyeka Okongwu,ATL,2025,15000000,1bb54fe225746378465a1b002c2a352a285d1c9aae91d4776d5fb6de35c2be6b,2025-08-25T00:26:40.058835
70658,Isaiah Stewart,DET,2025,15000000,e3683484215388b82b98d7439f49151788ef454ea5ad060d13a7854527cbcd87,2025-08-25T00:26:40.058835
31597,Daniel Gafford,DAL,2025,14386320,319c00b12efb92d9e7c42e4b9a7d226b156d1d0a9ced6e5de6ba010aff64d669,2025-08-25T00:26:40.058835
70651,Deni Avdija,POR,2025,14375000,e9366fb29da146024d8227dd7c0b7602ffcf0a8b1efd69667acdc9091c9e05ee,2025-08-25T00:26:40.058835
31569,PJ Washington,DAL,2025,14152174,dd6bcafbf38925302194963dce17e3d0cd24d05ed46c37c9782c030ccaed9713,2025-08-25T00:26:40.058835
13325,Steven Adams,HOU,2025,14130435,3a9cc8e6b86faa1cc3386e2d3438a45f2e3ed14f19188d10e4b5ab860c462de7,2025-08-25T00:26:40.058835
20225,Caris LeVert,DET,2025,14104000,a48fa1079254c8568574baebf6731cd0fff10213f354883ab2a93856fb83f95e,2025-08-25T00:26:40.058835
10814,Damian Lillard,POR,2025,14104000,c9e334687fb1c703462a96323f3e8e62c052d55dc7558b5914c35cdbe4370996,2025-08-25T00:26:40.058835
13330,Dennis Schröder,SAC,2025,14104000,c5cf692c68778ed40c4872dd53c53b948adfd1757aaec2ece76531152b25b389,2025-08-25T00:26:40.058835
70650,Obi Toppin,IND,2025,14000000,daa238ab4c81e2bd3371b32497714cf7a4fd51222f32ac9086d9179c263a1f19,2025-08-25T00:26:40.058835
74122,Corey Kispert,WAS,2025,13975000,6f63af75799ca591a10a18b25dc41dec6809b35b6298ee22f11ef2dea64e61b5,2025-08-25T00:26:40.058835
74142,Herb Jones,NOP,2025,13937574,99fbeb9af977750c6a5f7f841bba7411a72188acfb711f5dedafe195d1361e3b,2025-08-25T00:26:40.058835
74218,Austin Reaves,LAL,2025,13937574,0ccc439b8e9340a50ea28a168e3faf3a4cd272415965d082d49dcdce73a663b0,2025-08-25T00:26:40.058835
98597,Cooper Flagg,DAL,2025,13825920,863219bfa2ccb9493403592a176115fd64bc8e2a5594aad398c3db31195d0fac,2025-08-25T00:26:40.058835
78108,Chet Holmgren,OKC,2025,13731368,d34768a0e20a243deb97455bd31511b47828d4be2c4856ab474a5c948f4ee384,2025-08-25T00:26:40.058835
70660,Josh Green,CHA,2025,13666667,66711e5e2a59fb9cc2a3ba06e71da302e9e369690b264a09c4ef1500aef88867,2025-08-25T00:26:40.058835
31579,Grant Williams,CHA,2025,13645500,20cdd4c1342e68b86b6260d5b5016f5709778a3015fcc4fd08d598d7ab58a413,2025-08-25T00:26:40.058835
17850,Bobby Portis,MIL,2025,13445754,be8d3cde8c6169e086ce75c210dbd3a05a7f6903829b781295a9b4e03ab847a3,2025-08-25T00:26:40.058835
13326,Kelly Olynyk,SAS,2025,13445122,1883cd46eaf23a07dfabd93b541b5c79d8191423408ffdb7b9ad1404a09af3c4,2025-08-25T00:26:40.058835
82196,Victor Wembanyama,SAS,2025,13376880,c95dfbcc59d2b33816282a29106e0d75171904069593fcd02b3d480bbc54efcf,2025-08-25T00:26:40.058835
26993,Robert Williams III,POR,2025,13285713,9d4f17a9cfc703f0a422c151d1eeadc9b559381f025ba3e5231c1aa2fe6f3e56,2025-08-25T00:26:40.058835
91733,Zaccharie Risacher,ATL,2025,13197720,b9d54efc515896f3acfb4790fdf29de371210602f9c0f1a3a005be1209920057,2025-08-25T00:26:40.058835
27002,Mitchell Robinson,NYK,2025,12954546,41f5b7348ecb4062516a4054d07abd2ea0353247c1582bbfae345c792657e4a3,2025-08-25T00:26:40.058835
31564,Coby White,CHI,2025,12888889,ca6375322155cf65a41103b97a1862bdf00eb77227bb241b84a598d681c9804a,2025-08-25T00:26:40.058835
20757,Dorian Finney-Smith,HOU,2025,12700000,1f9e477aea32bbff5df6031b626bae1fd00e81cc1ce37c36a8bbc7d066a912e2,2025-08-25T00:26:40.058835
31578,Brandon Clarke,MEM,2025,12500000,a0d194a4a2ee53c5fcac0929c3fefda008c5364e92174abcfea21966082e421d,2025-08-25T00:26:40.058835
98598,Dylan Harper,SAS,2025,12370320,aa79571a3dd231bf24c4c5e19f24c80ccfa9be1d669e7fbf81e105565de5b069,2025-08-25T00:26:40.058835
70691,Isaiah Joe,OKC,2025,12362338,6aca45ecdda75b40189320f614c45d64f657dc148d57c5be687a285129f3a854,2025-08-25T00:26:40.058835
78109,Jabari Smith Jr.,HOU,2025,12350392,e654066b9b34a761e91119e2fd4aa1b2ae3672583f8fce550d7ab5f8f5562923,2025-08-25T00:26:40.058835
26983,Donte DiVincenzo,MIN,2025,11990000,01417f35a8df7179a0669f59a765871de2d6902b2d760f9f0a837c1ab776447a,2025-08-25T00:26:40.058835
82197,Brandon Miller,CHA,2025,11968800,42e9ce7cc2e544363c7e6fceaffbe84d48ec2fc6f76d0fdb861af4ed71411696,2025-08-25T00:26:40.058835
91734,Alex Sarr,WAS,2025,11808240,11ef658c3cb91ca6b5537a3f207634eb595e099f30b2ee88321c19671ba2723d,2025-08-25T00:26:40.058835
74116,Davion Mitchell,MIA,2025,11600000,cb2fb3a607eded3454d74a70ce7d424b5a5cd731165e61323774edd5a101a84d,2025-08-25T00:26:40.058835
74121,Moses Moody,GSW,2025,11574075,27ae8b3953b44f27b5d70c22d20c5b8202c415681da49480f37741bcc9d1235d,2025-08-25T00:26:40.058835
27007,Jarred Vanderbilt,LAL,2025,11571429,4129dd6498930cdf657da9904452d53ec861775c6bdb8c870b03fb074599949b,2025-08-25T00:26:40.058835
31577,Matisse Thybulle,POR,2025,11550000,b55a063e35ddb4cddf2b7b1011b71437daabb71d003de78d7d738f2976a46ad1,2025-08-25T00:26:40.058835
28087,Gabe Vincent,LAL,2025,11500000,8258334b08ad15ea67d686313ef3423d64c23aeaaf9a791f57526d4397268184,2025-08-25T00:26:40.058835
78112,Keegan Murray,SAC,2025,11144093,ef824bb3d0789f16b081035e64bc743414bac1c9dd7e78d1ea2b3fd81c5c4e7f,2025-08-25T00:26:40.058835
98600,VJ Edgecombe,PHI,2025,11108880,fc06c7e8600fa8455c559ad2a6beab03cc4345bc2baa21b92619bfd3e7e3b7cf,2025-08-25T00:26:40.058835
23607,Luke Kennard,ATL,2025,11000000,092c4b9d3de8065514589749bb8ce14dc44412e967bd899419cdee7087291408,2025-08-25T00:26:40.058835
24212,Maxi Kleber,LAL,2025,11000000,c89d6a9b3a167768c17dc2799dfc4d4ce1f80734a7fec2766b38b7c74cfc31bf,2025-08-25T00:26:40.058835
23670,Luke Kornet,SAS,2025,11000000,7b688d8cd92eb4c89c3e847376daecad52b3a24e4bf27769712e4101f4474cf6,2025-08-25T00:26:40.058835
70656,Aaron Nesmith,IND,2025,11000000,1283af157146ef55fd19d5f0f659769547e79793d76b1cc3ecf366a1656efab7,2025-08-25T00:26:40.058835
70647,Isaac Okoro,CHI,2025,11000000,d16ea6634c1072b6a8561c289d424d7872567b5a7eda54a5da0bd32df6f513e3,2025-08-25T00:26:40.058835
26973,Wendell Carter Jr.,ORL,2025,10850000,990a1043ac0082b297500fbe46fefe9e77a363b582870a0b351a21e123e6159c,2025-08-25T00:26:40.058835
2532,Mike Conley,MIN,2025,10774038,eadc4439dae8cd2953147b62ab56073f2ff87f1496332e50daf1919a79cbab59,2025-08-25T00:26:40.058835
82198,Scoot Henderson,POR,2025,10748040,17513b89e13d7dbb8ec0edb281bd2cdd09f90342565631649d7b6ff92c9e4058,2025-08-25T00:26:40.058835
91739,Reed Sheppard,HOU,2025,10603560,ae1ab55a36ac03253a7e316acf0c81ffb7a53e015e316e567c25dd5efc4c00d8,2025-08-25T00:26:40.058835
8055,Jonas Valanciunas,DEN,2025,10395000,3626c2fa86a0e58bd943bb62e9e6b9763cc108c8fd6e4775805303d3958c4b1c,2025-08-25T00:26:40.058835
18252,T.J. McConnell,IND,2025,10200000,59321e83161e3c8bec1ee1b01ca7bda6a19a93ee525eb6488b2ab63d4e47f450,2025-08-25T00:26:40.058835
24240,Royce O'Neale,PHX,2025,10125000,2d0fe567463e1afa29caec8a2a9460e5a17885dd3eee448e9437041384aab77a,2025-08-25T00:26:40.058835
78111,Jaden Ivey,DET,2025,10107163,5c760b7aaca346ea80664c9f209e658d648136dde97b3d2fa4f5dcd41b31dea4,2025-08-25T00:26:40.058835
74311,Sam Hauser,BOS,2025,10044644,372a3355207b6f1ea49b7b4c9cfa1be94936284760d6bc757639c4aa160a324e,2025-08-25T00:26:40.058835
98602,Kon Knueppel,CHA,2025,10015680,d1ecc5045f17e9978956d42addbe5331d394c4113ea5563f730683b6660418ee,2025-08-25T00:26:40.058835
23597,Lonzo Ball,CLE,2025,10000000,4388870997d64102844cf1048a35643ddc773228201c8b67b10f419542d94e24,2025-08-25T00:26:40.058835
21067,Derrick Jones Jr.,LAC,2025,10000000,24085cde91106bbe032ddf1a024a9e6074089f0cb41c4c9a8e8c2f8638baa5d3,2025-08-25T00:26:40.058835
82199,Amen Thompson,HOU,2025,9690600,39715fd432ebd28d0e9148ece96e10344cef69d2b79f03b3d27be5dba083c958,2025-08-25T00:26:40.058835
74162,Aaron Wiggins,OKC,2025,9672897,ec5b4b13d7db738e83738aa5303d5d95218aa039c806726d9c0834fad7e85210,2025-08-25T00:26:40.058835
91750,Stephon Castle,SAS,2025,9560520,0f5f7ebfb9b3ff7ec319035bd00ca2444b953373522349e296af5ec609ec8d1b,2025-08-25T00:26:40.058835
17869,Pat Connaughton,CHA,2025,9423869,96bd885fa36b0645b7329444a9f361bc3b705255c5f3a1d2aed30eff60d05f3c,2025-08-25T00:26:40.058835
15382,Kyle Anderson,UTA,2025,9219512,23b2321ff191558aa4d9759b6230d57a0c5da0a9d63399a40af3fdfc42471e1b,2025-08-25T00:26:40.058835
20211,Buddy Hield,GSW,2025,9219512,a598352dae61ba6aa9c43fe88172193000a5d595e27e899322349548ab2abebd,2025-08-25T00:26:40.058835
78115,Bennedict Mathurin,IND,2025,9187573,f5c71a95372beca046bda17c9cb6d6e144cb579e37efff96ad207f9cf6f9b0f5,2025-08-25T00:26:40.058835
98599,Ace Bailey,UTA,2025,9069840,4510884f4b59e50acfd2811cf859eb0bd356681e9c5dae1662ea4d0438ba2454,2025-08-25T00:26:40.058835
70704,Naji Marshall,DAL,2025,9000000,2dbbd67b79062fd67469eb527b8f830f6e91527517284aa71a7173762ff0fffe,2025-08-25T00:26:40.058835
70652,Jalen Smith,CHI,2025,9000000,67b26b6495339775fe1da9518dca30959450a262e4c257e6746b0307477a40f8,2025-08-25T00:26:40.058835
31582,Ty Jerome,MEM,2025,8781000,3c6b1b95e5aa76d563396d5e796426f72200663dc1a7146ae11aee603d1d10d0,2025-08-25T00:26:40.058835
82200,Ausar Thompson,DET,2025,8775000,b9a1a5cbd11d2984008bac3a6a78b18138c52f40e6e04ef9713362a708e88468,2025-08-25T00:26:40.058835
6136,Brook Lopez,LAC,2025,8750000,57c5cd81bc6232aa41cd3d063c353267d7c8894be0eb4d5c6347545ad362e8e2,2025-08-25T00:26:40.058835
91751,Ron Holland II,DET,2025,8657280,9c5021ce54113227308a6d9c42df9e6cb2e11b156d4864f66b9f24fe690861e9,2025-08-25T00:26:40.058835
32682,Caleb Martin,DAL,2025,8556451,da7f838b68a52b2a926cf87f0e3ca258f49e4a2fce13f3da3082c9d89fcefb47,2025-08-25T00:26:40.058835
70702,Sam Merrill,CLE,2025,8482144,004204358aa78ed47b3794b547ddf64a220055907bc05476206732e98f011e6e,2025-08-25T00:26:40.058835
78150,Jaylin Williams,OKC,2025,8450704,31f22006c934706c4a6047351555fa7f128a71144b798d9a11155f30f786018d,2025-08-25T00:26:40.058835
78113,Shaedon Sharpe,POR,2025,8399983,e16a60ea6c24068aaf122f6e9933efb2f6494fb9544b3203819b4a33137ff227,2025-08-25T00:26:40.058835
17843,Kelly Oubre Jr.,PHI,2025,8382150,f45164b7a3dc8960ac871e4a7c91d7b6948644c21bb7d50c22a473fea7fb3037,2025-08-25T00:26:40.058835
31575,Goga Bitadze,ORL,2025,8333333,6f351b61011fff53c5a7dff9dff9aaa381fbfa6c27612ba4a73eb05d808bf1a1,2025-08-25T00:26:40.058835
78654,Simone Fontecchio,MIA,2025,8307692,72fbeabe57fb8b132fcd15c1b5ed8c5d195bca577e1477de4eb30bae7fb04729,2025-08-25T00:26:40.058835
98601,Tre Johnson,WAS,2025,8237640,1b971aefe4ecae6522fbc95a5522a4d6f524b1d6aa358c436ee104a2e6665406,2025-08-25T00:26:40.058835
20256,Georges Niang,UTA,2025,8200000,429aa0ac4a7aaf079f2c08d7208977be1887c819256e1f17ef3523db2a8961c0,2025-08-25T00:26:40.058835
70664,Zeke Nnaji,DEN,2025,8177778,691ad03c2dfc59505264421300abbfaa551d1552a0565473fee0669faed0696f,2025-08-25T00:26:40.058835
26967,Deandre Ayton,LAL,2025,8104000,25d994463d06c0809275a748564f81430f1181cb04be8bfb254ba292928014b0,2025-08-25T00:26:40.058835
70694,Kenyon Martin Jr.,UTA,2025,8025000,3a935dee728b8bcd5a11cb0f1636cdd499f9c849879b16ac836936acf7317b21,2025-08-25T00:26:40.058835
70683,Tre Jones,CHI,2025,8000000,a5fbdc7e10701eaa258a56cf37e4113f196a206925f46eaaba133b89a3b0c36d,2025-08-25T00:26:40.058835
17858,Kevon Looney,NOP,2025,8000000,b4811941f0d3802d5e949f9b7e8adcc94121be80d07387257ea0c42fc6d7dc23,2025-08-25T00:26:40.058835
74125,Tre Mann,CHA,2025,8000000,97613a944c583e99a14c0091006fbc0d539bd48520159adaf7d747ce7d05c518,2025-08-25T00:26:40.058835
82203,Anthony Black,ORL,2025,7970280,dbb480fc4887cd59eb4dc4dc55c0fdf52231a6cf7a56d0bda3533756a5b4f073,2025-08-25T00:26:40.058835
91756,Tidjane Salaun,CHA,2025,7863240,14b8f104d5c402a54a8320103e0fbb45bcac550ec25ca40c7182fcbf766b9e66,2025-08-25T00:26:40.058835
78136,Max Christie,DAL,2025,7714286,774e774bd6072a451a762041e7d7a1797817df904fe8382853ca975898df2598,2025-08-25T00:26:40.058835
78114,Dyson Daniels,ATL,2025,7707709,9304fa696dcdabf677c919c68569e2c3dff4f1bc8ed2d383644d04ec80f1fbf5,2025-08-25T00:26:40.058835
74129,Isaiah Jackson,IND,2025,7600000,ae8bb757f9384c9eab34f19ec1d9497398be044dda873088a7846024cbf8c410,2025-08-25T00:26:40.058835
98603,Jeremiah Fears,NOP,2025,7520040,b5b6b9b64d4faa9e36f72f9541330cf6aec481bad282ab5d453d508d6d64533b,2025-08-25T00:26:40.058835
74145,Ayo Dosunmu,CHI,2025,7518518,1b04979dd36cf243bc87861bad459bbcae3a06ebc735deb8a3829909b9fa1a79,2025-08-25T00:26:40.058835
82317,Bilal Coulibaly,WAS,2025,7275600,bbf4b277f257f05031513bcebc20b5ddc0f1e8c2e1fd2a36a7698822f2633c14,2025-08-25T00:26:40.058835
70668,Payton Pritchard,BOS,2025,7232143,216f421ff0a8de2aafc754aa00cf26ae4e75fe57fe5f6ad4346b6d158e36f993,2025-08-25T00:26:40.058835
91735,Donovan Clingan,POR,2025,7178400,658616014a5fe618e1d34356c6f20c415cce62f8b43772a0986463be0243dbdf,2025-08-25T00:26:40.058835
27758,Kenrich Williams,OKC,2025,7163000,5d644740d76a011315bbca3b787e8a32454a2525e5cae7f946d4a5c748b1e1fa,2025-08-25T00:26:40.058835
78122,Jeremy Sochan,SAS,2025,7096231,10bda345221336e5c114978a1cb0f0810cd95bf4a748571d790da03c13a130af,2025-08-25T00:26:40.058835
17852,Tyus Jones,ORL,2025,7000000,d05462070ed9827c67592f79728a05c294ac240eda84a1e77010e12c3325d3a5,2025-08-25T00:26:40.058835
98610,Egor Demin,BKN,2025,6889200,86b8547b579279e0e5d0704530def9fa95e8f3c8fe70eb4be9a4d2cc008f4729,2025-08-25T00:26:40.058835
26998,Jevon Carter,CHI,2025,6809524,3e6e05d102612fa47a50c8d169f897f99de5acb270415f46c4fabd878e5f8965,2025-08-25T00:26:40.058835
15377,Clint Capela,HOU,2025,6700000,2a1c9c8bd355641751c94f31ccf7611c036f000358b01c51ffc789d4c19ad3c8,2025-08-25T00:26:40.058835
78118,Ousmane Dieng,OKC,2025,6670882,53e79598bfda0669f935259a934fc9f2b292281d1715cb165bf901624ff9eb58,2025-08-25T00:26:40.058835
82201,Jarace Walker,IND,2025,6665520,4df7215765144b10209944bb35d06a2d1527166eb92488e508979495f7816a01,2025-08-25T00:26:40.058835
31963,Dean Wade,CLE,2025,6623456,643751786abe55562c049c7a9c8198c0c8ea8d244ccb788bf1a6878f78226282,2025-08-25T00:26:40.058835
78126,Jalen Williams,OKC,2025,6580997,7615d87cc6782d847be8712c0201310cc07066d79fe2f62e8efc539881c204c9,2025-08-25T00:26:40.058835
91736,Rob Dillingham,MIN,2025,6576120,0823411b535861dc274a25048786512fa63f57ccfb33caf6bd953428d12383cc,2025-08-25T00:26:40.058835
78116,Jalen Duren,DET,2025,6483144,171b13f8be83d979a5b239d2ee2e2b4495f3602deb6738d276c5b5befe990c08,2025-08-25T00:26:40.058835
78124,Ochai Agbaji,TOR,2025,6383525,59990e2355a2c6e14430031788a5f2a2076eff7d569f3b21925a59d157f4b1e9,2025-08-25T00:26:40.058835
98609,Collin Murray-Boyles,TOR,2025,6332520,025a209506c9329dd48409237fbafa06fa8f64d5fe62c61fdaa76f47d677aeb5,2025-08-25T00:26:40.058835
78121,Mark Williams,PHX,2025,6276531,4c28b1b74810f9818bdfc064753a71667c629389cc87a9f5bc0db73e8cfa3eab,2025-08-25T00:26:40.058835
32170,John Konchar,MEM,2025,6165000,369e09a537bbbb5d8e3a6de7aeab2828102c9f0c08c445fdebb4551f81ee9d14,2025-08-25T00:26:40.058835
82205,Taylor Hendricks,UTA,2025,6127080,f216e08b7fdada6dc50f636935de3294b617df79ce35ee43e3940848a2f1c387,2025-08-25T00:26:40.058835
70661,Saddiq Bey,NOP,2025,6118644,cd10966fd499336f96c097e90e923959fac6c807e1b6039f00288011d1af8620,2025-08-25T00:26:40.058835
91755,Zach Edey,MEM,2025,6045000,dee86a96e1d3a53827fb2b088eeb62a9e2d6836c18d19fc6c11dce6e510e7322,2025-08-25T00:26:40.058835
98606,Khaman Maluach,PHX,2025,6016080,aba9b3cf5b8a81d887de8468c707b0bcf49b5fc5cdccd4d48f60710589dc130e,2025-08-25T00:26:40.058835
78130,Jaden Hardy,DAL,2025,6000000,2563aff0586ee05d7e4bf5373d6b49e1bb9c337d484756d6840262a15f152cf9,2025-08-25T00:26:40.058835
78141,Jake LaRavia,LAL,2025,6000000,82bf3d72e115e6899a966cc1b2ca79c461dcae26a00ea96dcabb1950c6e895ff,2025-08-25T00:26:40.058835
82207,Cason Wallace,OKC,2025,5820240,53f611e34f0f31cb1b9a1639919cec0b0517707babc2b0a35e5cda886934cfe6,2025-08-25T00:26:40.058835
74136,Day'Ron Sharpe,BKN,2025,5769231,4914fbf549c9ee7ff0d77d4bce93658063b52cb2ca40a33726b0f98a2ef46412,2025-08-25T00:26:40.058835
74117,Ziaire Williams,BKN,2025,5769231,23d67aaa16b043c38adaa391db29b66f37675da6af82fbe00c6644e361e088d7,2025-08-25T00:26:40.058835
91752,Cody Williams,UTA,2025,5742480,e6912546ecaf60dd5028cca159f73d922565eff10fe8a8fe95ed42ed7606fba2,2025-08-25T00:26:40.058835
98639,Cedric Coward,MEM,2025,5715120,1c893ca298db72e7b5f6bdb4e5d0238969822cc47598e213f07e0126a882705f,2025-08-25T00:26:40.058835
17830,D'Angelo Russell,DAL,2025,5685000,6c73d56e96507fb8b48e9101f9d85e610c097f03487930e0351167c6788bfe6a,2025-08-25T00:26:40.058835
78123,Tari Eason,HOU,2025,5675766,8ee5acf4a0ed370af00953375490fdf8d5fa26371dcb597186de3306c14a7700,2025-08-25T00:26:40.058835
28301,Haywood Highsmith,BKN,2025,5616000,76b648d5149eafbb1b7f53094fd0e740a53151d83faf9621229253e2da834aed,2025-08-25T00:26:40.058835
6149,Nicolas Batum,LAC,2025,5601600,2846150873a6f6b6bdb097cec62d386b9c96beb175bfbc1e745f2fd4031bf92b,2025-08-25T00:26:40.058835
82211,Jett Howard,ORL,2025,5529720,9a2cef1a2bef8bbb0778ac692d7eca930bf8e08aca1334c87e4ebd107d6215a5,2025-08-25T00:26:40.058835
20221,Guerschon Yabusele,NYK,2025,5500000,a47de4c35fc723fdaa246cb0febf028e6e514940b01e3b7730b132c0320c102c,2025-08-25T00:26:40.058835
91738,Matas Buzelis,CHI,2025,5455560,c4a5309ea27510340775a7f321444722133862e9d7fa633c5e55db1462a21f79,2025-08-25T00:26:40.058835
98619,Noa Essengue,CHI,2025,5429520,44ee4ce9d5c4c69eddab3ef9a306b5238d5fe1cbb26da5bd367635fe633c8b86,2025-08-25T00:26:40.058835
20210,Kris Dunn,LAC,2025,5426400,a3223094be70a7159955a4b2b9475d8d58bbf3d292ac93f0a6c97aa01c90280f,2025-08-25T00:26:40.058835
15364,Dario Saric,SAC,2025,5426400,ee497f3f3554df446de6b1151cdf5d617c4ef9942f61e54f3eee5944b8d9abf3,2025-08-25T00:26:40.058835
78128,Dalen Terry,CHI,2025,5399118,636f9395a97cd9d6cc3965ec31e50b051c766394916aec3c779338cda26a2563,2025-08-25T00:26:40.058835
10811,Bradley Beal,LAC,2025,5354000,caae77f1947a25c4ad469d6a8fa0188e73ba66c30b74c0576c1d27c3bfb0482f,2025-08-25T00:26:40.058835
70700,Paul Reed,DET,2025,5335894,a0c84a89f20e2392ff7b23e9d5d4595a263f29d39b93a9db89fa91ca5d5e16ac,2025-08-25T00:26:40.058835
82272,Dereck Lively II,DAL,2025,5253360,ca4d948a300b724a33be6e1ed11f336623a5151ff59a860cc650aea25088b90b,2025-08-25T00:26:40.058835
91737,Nikola Topic,OKC,2025,5182920,0cc65375694b60faf93d52feac8a5bc483cbc25d4f9f6d96e1de2d35b6d2ee4b,2025-08-25T00:26:40.058835
98607,Derik Queen,NOP,2025,5157960,1892ce81ce4d1fd6301de91e9ed51ca6a145e25515a9baa9423bd808d23fcf70,2025-08-25T00:26:40.058835
31589,Kevin Porter Jr.,MIL,2025,5134000,56bb083191e4bf43f4360a8ee911093412b45f075ac0b07310946f21486e2e29,2025-08-25T00:26:40.058835
15358,Marcus Smart,LAL,2025,5134000,5340b91666ceca53dca1f44f4ed5b8cd77a21aa210b4e2fdbd0679e6b8ab9f76,2025-08-25T00:26:40.058835
10817,Andre Drummond,PHI,2025,5000000,6ff670651680343e410e58cb2840b3a4b8619d3144719e70c05f4283dd61eb3a,2025-08-25T00:26:40.058835
70684,Nick Richards,PHX,2025,5000000,5bb57d1b7d67b207585356583c52fd9e010f513cedfabe8c2f6648b443369151,2025-08-25T00:26:40.058835
26991,Moritz Wagner,ORL,2025,5000000,70068c4dc61d832001e484fa8e0356356148e54d39c13b1ec11eff319482bf5f,2025-08-25T00:26:40.058835
82204,Gradey Dick,TOR,2025,4990560,f31daa77b475008d8d3e3f71d95b75e797254ebd73a4f65649586254c8083b62,2025-08-25T00:26:40.058835
78120,Malaki Branham,WAS,2025,4962033,763df19930a7568f90adfaa3ab0d3720dfa9e06c5e1fd3dc8a042d36738c511d,2025-08-25T00:26:40.058835
91758,Devin Carter,SAC,2025,4923720,d0f924533c3afdd5d85323fbcabde49df4b72b1f5e6231ee54be926b92df99ec,2025-08-25T00:26:40.058835
78148,Christian Braun,DEN,2025,4921797,279c28221fcb185f30a6b2ec6a023a0af1ed312d56d38b1fc49dec936e6ca724,2025-08-25T00:26:40.058835
98614,Carter Bryant,SAS,2025,4900320,d86bd2793abed97d0643e191b4229217a494f5da0eaae21285a1307e42e1a45d,2025-08-25T00:26:40.058835
78133,Walker Kessler,UTA,2025,4878938,65d15ee6b8da2975d3f47df885762de1d1093fad5c40604ccd5ac6266a411124,2025-08-25T00:26:40.058835
82208,Jordan Hawkins,NOP,2025,4741320,5a00ec0fd3f7f48eb9c913766c828d6cbc312f0c86425fa9465a4f6eb62a3e6c,2025-08-25T00:26:40.058835
91766,Bub Carrington,WAS,2025,4677600,30586f5626b60dee52fc0d07c6d0a2c427a5c8907e6c2ebbb71135b32630b357,2025-08-25T00:26:40.058835
98621,Thomas Sorber,OKC,2025,4655040,14e3ea8442305a5f4df52231fb005de1b8000bbd404910f36f6c866146ef041b,2025-08-25T00:26:40.058835
82271,Kobe Bufkin,ATL,2025,4503720,249136262c2ae61560305d000be48f097408a2d6f45bd0277115e449ff4584a1,2025-08-25T00:26:40.058835
74331,Jose Alvarado,NOP,2025,4500000,487509e84e97b7b1473f85f629d5344bec300fa108f1ca061d409508ef639c9a,2025-08-25T00:26:40.058835
78135,Nikola Jovic,MIA,2025,4445417,1d6edd2ce2513e618ee846541194f8ccadf2ad8bfcc0504e9caa07f7dc06aa34,2025-08-25T00:26:40.058835
91767,Kel'el Ware,MIA,2025,4443360,4836825fca18670754a6287eac51c0fdc225e6ab72ae91bcd4cb637cdae5ad0c,2025-08-25T00:26:40.058835
99184,Hansen Yang,POR,2025,4422360,04a20381dcc8881430104df555e8f57a621b8dec6f6b276397e88d2d4e1b6809,2025-08-25T00:26:40.058835
78138,Peyton Watson,DEN,2025,4356476,a906d1518d38407e7f402247abba65278f04430356e4cd076f8f8e62e59440ca,2025-08-25T00:26:40.058835
74143,Miles McBride,NYK,2025,4333333,bbdad0821b07c6d28f40b5012afb9bbd47234f251c6009fd4e7a256db9115df8,2025-08-25T00:26:40.058835
82209,Keyonte George,UTA,2025,4278960,d354d36ee93a033214fba18af2b564b95b4d3d7536235ce1e0d6a4233eef9a41,2025-08-25T00:26:40.058835
91760,Jared McCain,PHI,2025,4221360,f793a0d9cf5fd64d268947b69f8b563a43d7883f11b89a1256ecf1b3a5392323,2025-08-25T00:26:40.058835
98624,Joan Beringer,MIN,2025,4201080,34046f9011b40fde8bc6a90742dd0439fd62c09af7fd4c631100864816b2e9a6,2025-08-25T00:26:40.058835
6132,Kevin Love,UTA,2025,4150000,40d136dcb166678a5c9ac069e935583c7e41d91f5f76f1ee876428956ff706a1,2025-08-25T00:26:40.058835
91749,Dalton Knecht,LAL,2025,4010160,92738b450c2277fce137efecf64a61aa321d9f745f35f14c4853072bcb86c679,2025-08-25T00:26:40.058835
15397,Dwight Powell,DAL,2025,4000000,9aa73ddf8f5d67ada262619293ad82697f785ba5509749f5ecff275348cb7b5d,2025-08-25T00:26:40.058835
78155,Ryan Rollins,MIL,2025,4000000,1aa05197db3432cc5b3caecd4691b5edd4f9801b64eb0843ec43ed3c0da71adc,2025-08-25T00:26:40.058835
98613,Walter Clayton Jr.,UTA,2025,3991320,e3ce0128cff0c552e83c25f5f0db9de16ddcc7fb43868cc2d6005d7096491e30,2025-08-25T00:26:40.058835
82323,Jaime Jaquez Jr.,MIA,2025,3861600,f3a071d691749d24e4848266f02010551d2c16ca18385ac0d5ca72be53ccb768,2025-08-25T00:26:40.058835
98615,Nolan Traore,BKN,2025,3811560,67536a1d77585f81b1377736160a90e5b0385b2ba874d89653cb2be9b05d27c3,2025-08-25T00:26:40.058835
91759,Tristan Da Silva,ORL,2025,3809520,41885483ff6d013cf838e24d13db1540f6cd8a8090637595d8908bffb7928ba6,2025-08-25T00:26:40.058835
27003,Gary Trent Jr.,MIL,2025,3697105,770d6b31edd20b6895c143f6acd976867264ce97826f9bccddf4bebb6bdf12c3,2025-08-25T00:26:40.058835
27013,Sviatoslav Mykhailiuk,UTA,2025,3675000,693bd00fed0ec40432e9fca6c5b5e6253ec893c9fc681bc22967b0db408cb0cd,2025-08-25T00:26:40.058835
98605,Kasparas Jakucionis,MIA,2025,3658800,c6f5effbe76ec4d5d3a24c691a5ccd28010aae51660e91851b24b0b5f7b25c05,2025-08-25T00:26:40.058835
91754,Ja'Kobe Walter,TOR,2025,3638160,d622a08296b32c1a32e19e24341bd7a255c40fef6654641ee7eca087698fa018,2025-08-25T00:26:40.058835
15398,Jordan Clarkson,NYK,2025,3634153,05097846ca4330abc7bc2c87f3d5adaaa8ca9838d0512816806858cffd2e6118,2025-08-25T00:26:40.058835
15390,Spencer Dinwiddie,CHA,2025,3634153,2f2835b3ddd96a84a9667ff093f9309e74bf3d297ca01f254df6ce81ba9ee358,2025-08-25T00:26:40.058835
6116,Eric Gordon,PHI,2025,3634153,e588a7f70a4761c2bd7ee15069b1df47a699b3b54d7da2f4c09239d9fb93fb08,2025-08-25T00:26:40.058835
2720,Jeff Green,HOU,2025,3634153,d31eb4993620616866403600caee4cbba90b644e47461946bce028c2f6e9e9ae,2025-08-25T00:26:40.058835
13337,Tim Hardaway Jr.,DEN,2025,3634153,9ddcc517b27281e54116c14547ca6f72093bff2c8f55bbfd4b21ffe5be2d3139,2025-08-25T00:26:40.058835
15371,Gary Harris,MIL,2025,3634153,ec35ce66cbeac55b20abded53ee8841d1d770d436debcfca4fad7b90d7e0ad75,2025-08-25T00:26:40.058835
15852,Joe Ingles,MIN,2025,3634153,003b006b85621fab295c327bb82c376d0da91d20d36a83743951afb942a8007d,2025-08-25T00:26:40.058835
2536,Kyle Lowry,PHI,2025,3634153,b3d71201d8194550a1381fdd773d379de60d56afe9597e2c18ac7cbb97b3123b,2025-08-25T00:26:40.058835
15363,Doug McDermott,SAC,2025,3634153,4a782d25ebdd8a66615d0d241f48f3f3cd04ca9facdcf30c3f8feb993b007bbd,2025-08-25T00:26:40.058835
17855,Larry Nance Jr.,CLE,2025,3634153,0d9d855c3d3966acaae420d4d313ed2602ce9ad2f392d10764bbd71be3fe481e,2025-08-25T00:26:40.058835
2609,Chris Paul,LAC,2025,3634153,dfd1001bd607269f0bb54863786b4e8f4d6ec8f598ed043f57a25fc3dcc900dd,2025-08-25T00:26:40.058835
13335,Mason Plumlee,CHA,2025,3634153,ed8c1fc47813ee37bfc3d02712e1c793172a626765bbd8c90c514a8d806a5119,2025-08-25T00:26:40.058835
6492,Garrett Temple,TOR,2025,3634153,ae089e47a61e9da075f40548fccd565bcf82d8a7acb747804f7e1d32b4746b79,2025-08-25T00:26:40.058835
82202,Cam Whitmore,WAS,2025,3539760,2a82123e915f2de6e0d793d957d2d6b320240c83aa71d8b68611f30bad814e90,2025-08-25T00:26:40.058835
98622,Will Riley,WAS,2025,3512520,36ee2bbdc7a8108695a899d3d6d5140937110539fef0cdc956bf02b483f71845,2025-08-25T00:26:40.058835
91773,Jaylon Tyson,CLE,2025,3492480,8112249a3bc77b15fb955f84fc9f410886bcf589f01ffb1388a404477de337f5,2025-08-25T00:26:40.058835
31565,Jaxson Hayes,LAL,2025,3449323,958568bfff5323b786b07ca311f23445b1fef037f3e95c751f9d7f2fa419ec5c,2025-08-25T00:26:40.058835
82214,Noah Clowney,BKN,2025,3398640,750f327a6665571928a39b8716ae4d5a4fc4d268293784d5be249440f4ffa2e7,2025-08-25T00:26:40.058835
98620,Drake Powell,BKN,2025,3372240,71cef94ca4e51f2c2f17c7bef35cd97ad4e70cc6aeb446f6fcf6eb766259bcd9,2025-08-25T00:26:40.058835
91761,Yves Missi,NOP,2025,3353040,182c325641ab9380fc94685e68d71ce44db031f6ea98a973ac59ecd823faf75f,2025-08-25T00:26:40.058835
15357,Dante Exum,DAL,2025,3303774,3e99ed404e0be17091be74879664cfbe53711620b5ed50ca7b33979d66516b79,2025-08-25T00:26:40.058835
20217,Taurean Prince,MIL,2025,3303774,999d821965b034c59edc6543e87fe246f534515fe48bb1a791868bb1cecd9c9d,2025-08-25T00:26:40.058835
23671,Chris Boucher,BOS,2025,3287409,3ca596aaf44c6dc58d3d2f2cdbc215ce959f24e674e7365f398b5a1854d2eef9,2025-08-25T00:26:40.058835
82273,Dariq Whitehead,BKN,2025,3262560,14b77e7b8d0e7c3555a7f2d8610e11634d3be8a8ac0d9ced006c719d9047b15f,2025-08-25T00:26:40.058835
98611,Asa Newell,ATL,2025,3237480,b7f28b1450d9a418f63c734c7e5dd48e728e92575a941124741148b1a326fecb,2025-08-25T00:26:40.058835
91791,DaRon Holmes II,DEN,2025,3218760,8f10a1969a045a41a2f18e9debbc5290f28abe5d3186c1f8aa13a0bd473c2bfd,2025-08-25T00:26:40.058835
82275,Kris Murray,POR,2025,3132000,a6780e6df0f8a380d77d78725f184e0de67c71969f995bc922ce528b8bdb5abc,2025-08-25T00:26:40.058835
98612,Nique Clifford,SAC,2025,3108120,59f14462e231dec7a0f0d0fa209c659ba102029a4ec554a1ac5fc60d83ae730f,2025-08-25T00:26:40.058835
92952,AJ Johnson,WAS,2025,3090480,3826300e6a146caaf576b3c44a1a6414c3cdb114eba86e4758d0b6bb532f93da,2025-08-25T00:26:40.058835
26968,Marvin Bagley III,WAS,2025,3080921,067f9d62a610ed3f258af62c161c38c406820c1820fc5489955a009888b5e56b,2025-08-25T00:26:40.058835
27008,Bruce Brown Jr.,DEN,2025,3080921,d1ed42369b7631886c212f5b7fc4d9e90a1625634bc711599ec74fb302c2ca91,2025-08-25T00:26:40.058835
28052,Drew Eubanks,SAC,2025,3080921,e4d72b435b93a0cf888d50ed6f566b6042744e3f3c89f39b2dbfa84e7b761cae,2025-08-25T00:26:40.058835
26989,Aaron Holiday,HOU,2025,3080921,97b33d2ea9c134f8f984a00d88deafcea09399d79b358fd82156e27fc6bc9728,2025-08-25T00:26:40.058835
26986,Josh Okogie,HOU,2025,3080921,3bb7ec42266e2a8873a18eb80018d52046ff3ca38fbf409d63f5d84094ad407f,2025-08-25T00:26:40.058835
84439,Olivier-Maxence Prosper,DAL,2025,3007080,efef50d90e7eca1a53a9f548950ae6a6e3ad7b9b52972d2d2a2bb978e7e61af3,2025-08-25T00:26:40.058835
78268,Julian Champagnie,SAS,2025,3000000,8460fc3aa96a6e44f8dc0b20f05bfb4b5b5e0c8a6eb38f1b7dc45dd62e11ca0e,2025-08-25T00:26:40.058835
91757,Kyle Filipowski,UTA,2025,3000000,946aa7c1c327d46344aa7d479abfece8462e7782bb8f911f59d91fe00b723960,2025-08-25T00:26:40.058835
92958,Ajay Mitchell,OKC,2025,3000000,324b00f9fd14ee15890741c4ba87f47e7fad2809b1582515385a4a54621dc0aa,2025-08-25T00:26:40.058835
98604,Jase Richardson,ORL,2025,2983320,89c33f5dc56da3a37e7a0a6209b3d828fb73ec63b70368c00ab1e215ba733c40,2025-08-25T00:26:40.058835
91765,Kyshawn George,WAS,2025,2966760,4ffb248680171969eded0331e109c36837cd8decfe8e8d33240dd69d649335d8,2025-08-25T00:26:40.058835
23623,Tony Bradley,IND,2025,2940876,95b85812353dbe471c8eb971a572d5a1763db37fb8b983a584c5519aec1a9cb0,2025-08-25T00:26:40.058835
84442,Marcus Sasser,DET,2025,2886720,cf005aced819b092bb100b505f9f962d0a1306a521e55974063bd8698cd3bcb8,2025-08-25T00:26:40.058835
98626,Ben Saraf,BKN,2025,2884560,c7be02c73f5da805e6b724f999175e376e5fcd30e5a29c98803c03de05833e55,2025-08-25T00:26:40.058835
32198,Amir Coffey,MIL,2025,2874436,f56f5591c0a6a3d2c94d05ed07b8d105c99716fa1e787791435ca49dd48fc716,2025-08-25T00:26:40.058835
32409,Javonte Green,DET,2025,2874436,4c527d71dc176e2bc855cba5a54bfa2f7a9251c18782d3c50f08811d879b1fff,2025-08-25T00:26:40.058835
27975,Jordan McLaughlin,SAS,2025,2874436,3445d804e6dd9ba449a0cc34f46add4ed00b70fc1a150b9ebceda92ac4b06c6d,2025-08-25T00:26:40.058835
91782,Pacome Dadiet,NYK,2025,2847600,6e02befcfbcc6782a7aa332886e85b0ab012dff08128c7c5b533832d54cf2d6b,2025-08-25T00:26:40.058835
98616,Danny Wolf,BKN,2025,2801280,30d0f377ded9a65ad57b36387d0874044a1271d2b0513586f8361b5a0abd541e,2025-08-25T00:26:40.058835
84440,Ben Sheppard,IND,2025,2790720,be15678553f548485095d1017736f6926d91fe9e1d18ce0cbfc2fd44989891b9,2025-08-25T00:26:40.058835
98623,Hugo Gonzalez,BOS,2025,2783880,aa62b7193803e9af35ff9d1883546daf004b1325643a27c0f9668275690bc7d3,2025-08-25T00:26:40.058835
98608,Liam McNeeley,CHA,2025,2763960,a14607bc7de2f1f13c6b2afb1d5cebee1f54e3e23ea9d0504930dd3ad34a4184,2025-08-25T00:26:40.058835
91778,Dillon Jones,WAS,2025,2753280,1924c85c3f21cdd8c8df3f8c33e4c9094287ca7f05faf383d23931a7efcdb607,2025-08-25T00:26:40.058835
99185,Yanic Konan Niederhauser,LAC,2025,2743800,45b18deab12be150121948a4321743a6a1a45e4a4e6cb2a71e3d42c321a158ff,2025-08-25T00:26:40.058835
32680,DaQuan Jeffries,CHA,2025,2743776,4ae9380e609f2d3983c1bbb91ffa093ee34d2396ec256a8f2ba7c76e6b05c1f7,2025-08-25T00:26:40.058835
82206,Nick Smith Jr.,CHA,2025,2710680,8ff15fb90096d97cd314ca208ca081a8bb690faa2626c36183386d1a403a360a,2025-08-25T00:26:40.058835
82213,Brice Sensabaugh,UTA,2025,2693760,3fc9ebed7e1ec0b1db90d0de9cc15b60e5835f7a30884265468d407455e47073,2025-08-25T00:26:40.058835
84463,Julian Strawther,DEN,2025,2674200,68b4e7d43bbaa5b8fcd79c36d5713c44055d774ade7311294566e7abcea1b613,2025-08-25T00:26:40.058835
91774,Terrence Shannon Jr.,MIN,2025,2674080,0d0c1df42e0f11a241a738bdd40a1e9cce0985fc85814bd7c77e78220d498c3a,2025-08-25T00:26:40.058835
70657,Cole Anthony,MIL,2025,2667947,d3ef66f2bee345a19feba6a8ab56b28282f789dbdcbed30415007dcd6b748835,2025-08-25T00:26:40.058835
70741,Anthony Gill,WAS,2025,2667947,abe6907dd9aa5a2d5c4355f1fa54ca24602476e655a66e21a013c2e1be779cc7,2025-08-25T00:26:40.058835
70758,Jae’Sean Tate,HOU,2025,2667947,9caaebd731c3924a767c74566697307b27a53b5970f12d42f2a4ac41c95a6082,2025-08-25T00:26:40.058835
70644,James Wiseman,IND,2025,2667947,c00483e8bf579ec08d1d02a9a267d4ac6b0e0cd9ab00caee240709897c432b31,2025-08-25T00:26:40.058835
91771,Ryan Dunn,PHX,2025,2657760,f9bbe737ec86192cd09c0e7df3feb97728239f00bb7a469e4509e74ffdf9822d,2025-08-25T00:26:40.058835
84464,Kobe Brown,LAC,2025,2654880,9d9e406ef6eeaa6195fc4343bc26d5d7922ad7f948e2d5a44b20953cceddec2c,2025-08-25T00:26:40.058835
91753,Isaiah Collier,UTA,2025,2638200,26396383aedacc2c429674bf27fcd8a3b003872a65585421da42a5023ac3eb97,2025-08-25T00:26:40.058835
91780,Baylor Scheierman,BOS,2025,2619000,e6b193e93ee3aa017a9156db63b55f449a1fbfeb57e38910bca8905a2f93e61d,2025-08-25T00:26:40.058835
32059,Terence Davis,SAC,2025,2546675,84fde915830c496f2d5c2435edc271588d85ee06996814ca956b3ee74b3bd86c,2025-08-25T00:26:40.058835
70677,Xavier Tillman,BOS,2025,2546675,1f305c7e5e512d44ebc40943685793d80d6e6e27eb3f87923654d712d6c04f2b,2025-08-25T00:26:40.058835
93960,Cam Spencer,MEM,2025,2537989,e7307e70e6c6f9995631b29fd91cc1c7334cda50d7177d40be68ebb3bd9dc04e,2025-08-25T00:26:40.058835
74147,Jared Butler,PHX,2025,2461463,ba3ac6a4cd74e0c99065c8165daf787e0e325f5e22d2f19205ba2c5ab0c8825f,2025-08-25T00:26:40.058835
74151,Kessler Edwards,DEN,2025,2461463,152e988d7b07449b6f1ad8838ee7dfe296bc05bf7dc5eb2060066a66a5ffe0ac,2025-08-25T00:26:40.058835
74159,Luka Garza,BOS,2025,2461463,3f856a62e04561da020d13d04c3815027300b67e96fd5a6a46781da48d83e5ca,2025-08-25T00:26:40.058835
74215,Jock Landale,MEM,2025,2461463,0eddcd593d527422e7087b1a9d43e419ec125780e67f3d963f0262e5f90040a6,2025-08-25T00:26:40.058835
74161,Sandro Mamukelashvili,TOR,2025,2461463,ec6cbcf9ba7d8ed308c9f9b05d53b5baadce964fb6803c657c0397929312350e,2025-08-25T00:26:40.058835
74418,Micah Potter,SAS,2025,2461463,1cdd4fc55efce1c1959b48936466d1c35e9a49ac29800dead3c0405ffa7d6fee,2025-08-25T00:26:40.058835
74166,Jericho Sims,MIL,2025,2461463,684110b4fdf9d4bc97803efbe97b50ad69290bbf9d1cf6e1a4d93832cabe2a4f,2025-08-25T00:26:40.058835
74135,Jaden Springer,NOP,2025,2461463,c20a99db2c8f5ddd481f31baed6fc753e10f1b8d7319ea5daece00123e8f11c0,2025-08-25T00:26:40.058835
75746,Lindy Waters III,SAS,2025,2461463,d984577d292eca22698ff35463e535154fe3d131f673458ae9c4390f4caca596,2025-08-25T00:26:40.058835
74232,Trendon Watford,PHI,2025,2461463,41f4b32a6f517938c8b01a01d138460c67852ff4ccac08800c9f3b53528fc717,2025-08-25T00:26:40.058835
78139,Patrick Baldwin Jr.,LAC,2025,2378870,7ec9ef8acab3e1eea87f775ff395eb206bb5fd710c2d8bb9499cf73e03a886b4,2025-08-25T00:26:40.058835
78276,Collin Gillespie,PHX,2025,2378870,49913e5d0b1f2d09cefb739625dd3f16145ecbb395cf851dfb1c64219bbbe6b3,2025-08-25T00:26:40.058835
78142,Caleb Houstan,ATL,2025,2378870,98b1338d6fb2732c21f6e10b8f2bf006d35a6fdc5e2bd5ff958e8ee73a5a0a98,2025-08-25T00:26:40.058835
78156,Josh Minott,BOS,2025,2378870,8eadc3a028fc478c952ef2765456de3917262b4a722305802b334eb40aa29bf0,2025-08-25T00:26:40.058835
74140,Jason Preston,LAC,2025,2378870,8e418572b31e50b77acc50f91665675439efbddcd3c4eab83ede486d3eca97d9,2025-08-25T00:26:40.058835
78149,David Roddy,TOR,2025,2378870,71f8f65e05a6d5d3280fe6a3b87cade760871c1422a8803bd6f2efc4e2e0a264,2025-08-25T00:26:40.058835
74604,Olivier Sarr,TOR,2025,2378870,b37f96642b85a317e96dab7620d8a275d0ce21874c3c6de5916c177eab5c9106,2025-08-25T00:26:40.058835
74420,Dru Smith,MIA,2025,2378870,566ba9b782f22a1d3b3cf493c5eafe1ab88308303b58d781318cdd0b54a23e5b,2025-08-25T00:26:40.058835
78125,TyTy Washington Jr.,LAC,2025,2378870,5b25b78697172ee5070946604b71b694e51923635059eed7ead9043e8d04b36b,2025-08-25T00:26:40.058835
78132,Blake Wesley,POR,2025,2378870,1c1e1069b47036bf6a0bb434087bab868e3efa04551050c0c5ed91dd34548e09,2025-08-25T00:26:40.058835
74240,Justin Champagnie,WAS,2025,2349578,050afaeb0a38338c6220535d0c430140896dcf6725918e05ec5665b621af0957,2025-08-25T00:26:40.058835
74333,Jordan Goodwin,PHX,2025,2349578,9251b0f41d2e673794d926db80d9aa8a9077a8dccc7bd9cdd3a1c761e388ca19,2025-08-25T00:26:40.058835
74262,Jay Huff,IND,2025,2349578,fdb468f24e06c10e8692ad81468c969438d598639e0327ee888142f5304777d1,2025-08-25T00:26:40.058835
74128,Keon Johnson,BKN,2025,2349578,95d5b441bab5769746994987458ecbbf564d51caeb5f571a3b84b6d6fff1b5e8,2025-08-25T00:26:40.058835
70679,Vit Krejci,ATL,2025,2349578,171c7d6c64a0d456ad1aa5d3a3a43188e8d6e91dc948689645b031a017e78276,2025-08-25T00:26:40.058835
74146,Neemias Queta,BOS,2025,2349578,1bb457061d7fa6aad788b92d8641b173e148e965d0cd881dcae17dbf0bc439a8,2025-08-25T00:26:40.058835
78267,Keon Ellis,SAC,2025,2301587,b4854cf3f6742d58b85f914c1c6458056b8cacb1aea3f5a046c9271f5a118946,2025-08-25T00:26:40.058835
78250,AJ Green,MIL,2025,2301587,ae67da65d8c6507d5aa0b3d71578b787360a526036337e1a6ac8c222b494fc23,2025-08-25T00:26:40.058835
78158,Vincent Williams Jr.,MEM,2025,2301587,01d648b8e44f7ef277ea8be7aed4e331313e119f99b7dda7943bdb81e74bb87b,2025-08-25T00:26:40.058835
84736,Colin Castleton,ORL,2025,2296274,8cbf2c0f246d9258d60cbd50f201d68c8f890693d8eb91189fb5d2a7287bcee1,2025-08-25T00:26:40.058835
86081,Adam Flagler,SAS,2025,2296274,895e7978509237b3a73b4677ae0b788e8bec501385327f04f16785dc2a76225a,2025-08-25T00:26:40.058835
98641,Sion James,CHA,2025,2296274,9279c9fb3e0f761d7dff329b25dc658d435543dd67b137b9d52070357177d180,2025-08-25T00:26:40.058835
98627,Ryan Kalkbrenner,CHA,2025,2296274,7738eafe612fcf995b31057884ff14ef74cd508caa42130d6ed44c7c4c254287,2025-08-25T00:26:40.058835
84483,Chris Livingston,MIL,2025,2296274,6d3178317a976d2fcf27e65736dd932c0041dd48a1effb9ca8f969a8b7d6de01,2025-08-25T00:26:40.058835
78154,Moussa Diabate,CHA,2025,2270735,bca0869c15d3da1ca3d0f6b1a5fdf32cab297491a53ee718f94cd1a9a7144869,2025-08-25T00:26:40.058835
74329,A.J. Lawson,TOR,2025,2270735,a8278cf536d740073342e23e5b30849b8de023f7a9e37349f6f841a2d0beeba9,2025-08-25T00:26:40.058835
78256,Scotty Pippen Jr.,MEM,2025,2270735,472ca37373c3b0ba14d9c48fedfd0782669009b6e11f7de7478d6dc75c8ee84d,2025-08-25T00:26:40.058835
75136,Brandon Williams,DAL,2025,2270735,0700b59acecc08f310bc456a4a19bfc15175f3cc1d845fbcf2b65a8e12babaf5,2025-08-25T00:26:40.058835
84478,Toumani Camara,POR,2025,2221677,d36de9bca5dfb0224475888863266239d21bbcd31d120df109f6c02fb6a53c76,2025-08-25T00:26:40.058835
84468,Mouhamed Gueye,ATL,2025,2221677,0f5dd170759028e457efe9eab84e3fdff2751434d69e5da3acf1c6772a13eba1,2025-08-25T00:26:40.058835
85972,G.G. Jackson,MEM,2025,2221677,c0d7e2299dc67f85730d8f24ff93ed6a1f5bc6d34deaa8b09244b35f63165202,2025-08-25T00:26:40.058835
82321,Andre Jackson Jr.,MIL,2025,2221677,1027816e6328de0c15f3d5a1db2d52a7883683c7480050cc7a6a21f940ca3668,2025-08-25T00:26:40.058835
84443,Trayce Jackson-Davis,GSW,2025,2221677,acf549f74bcdae55cf86759e27fb32373ac9d96bcf1ea85b85361c42cc139d27,2025-08-25T00:26:40.058835
82215,Leonard Miller,MIN,2025,2221677,b87255a038ce23b467b4ce2784780a7d879219b396f72d386ebf937834e8072f,2025-08-25T00:26:40.058835
84444,Julian Phillips,CHI,2025,2221677,b08fa54993dfea4c0e2078d2f3edb40f20314b964fc820cbd62ffa586be9a14a,2025-08-25T00:26:40.058835
84465,Jalen Pickett,DEN,2025,2221677,990d4ab12392f6d862a3e11e97696af7b1169b68e5f1b7a3d4f3e6e6dcbace46,2025-08-25T00:26:40.058835
84768,Craig Porter Jr.,CLE,2025,2221677,e8c2692e8d1cede1f888fbe89bbbe6a71bdd67f5f62b09623e42d7ff9485aa8b,2025-08-25T00:26:40.058835
86051,Duop Reath,POR,2025,2221677,1fbfe30d3aa61ba1d1749c96034d71f4083ded52f3c4f8ffb0fa1eac90464b0c,2025-08-25T00:26:40.058835
82212,Rayan Rupert,POR,2025,2221677,e821d75656f5019f1b2eda75cc0fe785045d232ae6357732d4ab4329583a63fd,2025-08-25T00:26:40.058835
78165,Gui Santos,GSW,2025,2221677,d9d3773d50de396499fb553d779e6e682e7971f529fcd1b374716e3cc6285b2e,2025-08-25T00:26:40.058835
84466,Hunter Tyson,DEN,2025,2221677,00ae70875094fc2c0ed3fbc7befc05688862bc4cc98a587afb9d5dec71e55d0c,2025-08-25T00:26:40.058835
84467,Jordan Walsh,BOS,2025,2221677,338be059e28045a99607f46e2b3ccbe95d71fe53bf2869fe0a8919277231aa02,2025-08-25T00:26:40.058835
84477,Jalen Wilson,BKN,2025,2221677,2b27a91d2b72f6285bbc00a0a1ba574ce21589fd840152cd65076f28c95e38b9,2025-08-25T00:26:40.058835
84479,Jaylen Clark,MIN,2025,2191897,568753b9e925ec64d1c6dda64fe68024646e694b865cc90b70cd780afa20344c,2025-08-25T00:26:40.058835
91769,Tyler Kolek,NYK,2025,2191897,e6c1bc3b02ba6cc99ab35eed59dd3f228ed2275b77bbdd2befc7e4f90830ef86,2025-08-25T00:26:40.058835
78162,Tyrese Martin,BKN,2025,2191897,2aa9bfecca3b68eae41cd48349decda9a3488b05ca0cdceac5443beee93548ff,2025-08-25T00:26:40.058835
94513,N'Faly Dante,ATL,2025,2048494,0746a52dca66909cc67f35d024519e83d457ce2ea39bb1fa0c0889f1c11f6946,2025-08-25T00:26:40.058835
91770,Justin Edwards,PHI,2025,2048494,b5587945df640056d6a80e5d7b8c30f665a54b9a328b5eac8518aa143709badb,2025-08-25T00:26:40.058835
23669,Nigel Hayes-Davis,PHX,2025,2048494,2b8d51848e47ddd9a12550aa53ff7c3f383a3d7803a5fc3b19efaf7278c13ab1,2025-08-25T00:26:40.058835
95611,Malevy Leons,OKC,2025,2048494,7607c4802b8360b08878d49e462219ee32eecb8703f3ad3c2c6a9cec09fa2d4c,2025-08-25T00:26:40.058835
74413,Ethan Thompson,MIA,2025,2048494,f293778496c4bf9adb735cd8423587e068f63819a9671e5320b8a308aee3ca96,2025-08-25T00:26:40.058835
91787,Pelle Larsson,MIA,2025,1955378,a59b645444f29d221183adce8cf8cecd59f487cdc1d15152db28a43ccfbd7e2f,2025-08-25T00:26:40.058835
95121,Jamison Battle,TOR,2025,1955377,133ec0384a5712525a68de9bc76832fd3f1e7df60f6a441ec7037659002f13b3,2025-08-25T00:26:40.058835
91790,Adem Bona,PHI,2025,1955377,08a875be6ec6b1160204da2fe062afec3b7e0e978b43fb2ea347c813399e94c1,2025-08-25T00:26:40.058835
91777,Cameron Christie,LAC,2025,1955377,3a367e84e7f4b5c0ee3b1c1bd3b0304493375b55f1a82e23b9f6e14bf91826f9,2025-08-25T00:26:40.058835
91768,Johnny Furphy,IND,2025,1955377,e060929e53f7c3fc9c92438605885869f12af4ced50d296a5126e787cd50b680,2025-08-25T00:26:40.058835
93962,Ariel Hukporti,NYK,2025,1955377,fa8da762f8e46f55102493e99e6d4e7f4723c9c7a3a932412bda9437471991b7,2025-08-25T00:26:40.058835
93953,Oso Ighodaro,PHX,2025,1955377,2f40f206ffada7be537e71e6a69e9bd082112bf553ef6c8b021753111c820121,2025-08-25T00:26:40.058835
92960,Bronny James,LAL,2025,1955377,faceed757cb500157140c4ee2799046348edd48693a09eb47b9a3d2ccfbe51ab,2025-08-25T00:26:40.058835
91786,Keshad Johnson,MIA,2025,1955377,2b68a7c55468f812f60b00f6219d1dadcefd3a867b5fa3d609e27c6a9b455aff,2025-08-25T00:26:40.058835
94481,Isaac Jones,SAC,2025,1955377,eb9907cc4a5669ea64b6b0b935dc370c91d751b1b8612156882c3a00c14325ec,2025-08-25T00:26:40.058835
91764,Bobi Klintman,DET,2025,1955377,b323ddef3401f3584e22fa88360ce1cd02b6d741f8cb1b88059739fb789a3da4,2025-08-25T00:26:40.058835
92956,Jonathan Mogbo,TOR,2025,1955377,f82e39409ef07f59843022ecde741dbec3325cf10ecddf0ba9d4c160b682168c,2025-08-25T00:26:40.058835
93959,Quinten Post,GSW,2025,1955377,b5d63ddacc14749393776c0cb742a3786529f3e3036411080afcbb9efffb5054,2025-08-25T00:26:40.058835
93955,Jamal Shead,TOR,2025,1955377,298391a28aaf96d8197f45cb614c6e6fe15eea1833623240d07024367b2d089a,2025-08-25T00:26:40.058835
91762,Tyler Smith,MIL,2025,1955377,560eb56f26601c08a6131621d15b8c2faafae2ea84b1f15e78504b56dba86639,2025-08-25T00:26:40.058835
85973,Drew Timme,BKN,2025,1955377,f5b31ccfdd7cf3d2c9488f9b36692aff01f257dee9950de5a308ed94ae06c31f,2025-08-25T00:26:40.058835
93952,Jaylen Wells,MEM,2025,1955377,63d96324f93f1d388ab14f8034a8b7f0050d49360bf0c4e70754ad52cff90a73,2025-08-25T00:26:40.058835
78144,Karlo Matkovic,NOP,2025,1830377,c6d61101fbe4af2fe1a3aa86858644c4cb115668bd5598c4e049d516ae3c869d,2025-08-25T00:26:40.058835
98634,Johni Broome,PHI,2025,1272870,4c9605f4faba68715661b85330832b39d7eee8002cb8f92bc60f8b91e9f2291b,2025-08-25T00:26:40.058835
99882,Moussa Cisse,DAL,2025,1272870,349f5807720061555732b873f7e9e49764455b98d91364c5d681d7cc0168f7ba,2025-08-25T00:26:40.058835
99886,Matthew Cleveland,DAL,2025,1272870,52175ef359a6fb17e70383dc42cbd75b2331514dead934eed9659b67bc7e8c0a,2025-08-25T00:26:40.058835
100565,R.J. Davis,LAL,2025,1272870,124e44d686eff7664ff79a83b332e778f539385ace3cfada1f7dc138b5d7f238,2025-08-25T00:26:40.058835
100567,Eric Dixon,LAL,2025,1272870,73526fb89854d506bf6c55b884fa7d78ec8f4a952ddf28852de606ec1020df3b,2025-08-25T00:26:40.058835
92954,Nikola Djurisic,ATL,2025,1272870,371693252b453869d14a04e2e95afd39b58809f4dbcf57e2b9980f1f32a62f25,2025-08-25T00:26:40.058835
98617,Rasheer Fleming,PHX,2025,1272870,27e0d82fe6c55a1b9c5e39b49e03862a20a48247028731c784722f7de634bb35,2025-08-25T00:26:40.058835
100539,Hayden Gray,BOS,2025,1272870,5cae85aea9bdb32d02a549f5f926c5894015320ac2c1c491e5ea46e26d3a0347,2025-08-25T00:26:40.058835
99788,Caleb Grill,CHI,2025,1272870,dcc7690b4fb41fabed4ec40f35cfc203bce5dc6452763e0849fb18bf2f34c9ea,2025-08-25T00:26:40.058835
98618,Kam Jones,IND,2025,1272870,3338b458d1c4bd2f915cbdf2dad07c24bca8c1ac1f87326a19d6110baffc413a,2025-08-25T00:26:40.058835
100568,Arthur Kaluma,LAL,2025,1272870,239f5951bc0599ec8eed7531350fc9a34110c28e590c979ce60db645aa724706,2025-08-25T00:26:40.058835
98643,Chaz Lanier,DET,2025,1272870,9949a168298aae0e0e357a730c0d237719623c1d91ff58d8ffafa6ad93252a37,2025-08-25T00:26:40.058835
100566,Augustas Marciulionis,LAL,2025,1272870,0a8aab09aeeccf93b6ad346b4a9766e5b11355702172ee3a1593b772cf874a50,2025-08-25T00:26:40.058835
100473,Cameron Matthews,HOU,2025,1272870,2d0a320df7c24969f231d14bf569de7675e8fb717fd7195a38b181f0205c5f0e,2025-08-25T00:26:40.058835
99971,Igor Milicic Jr.,PHI,2025,1272870,f47e256d3cf5105b230f67046104fde29d5207c32c1ce18ecfc62e04a9799598,2025-08-25T00:26:40.058835
98645,Micah Peavy,NOP,2025,1272870,34de4386afe888977da1a44677e1fad18e28826001698c9116eaef840f03d1fc,2025-08-25T00:26:40.058835
98630,Noah Penda,ORL,2025,1272870,eeab87f09ee7682c1f6593566611ae78ba7d0cc1d48a527340c7be16911a6ddd,2025-08-25T00:26:40.058835
99787,Wooga Poplar,CHI,2025,1272870,c3d8762df240aecca57a798b0f0b3cae852bfb2b8f777aeead7060919320b693,2025-08-25T00:26:40.058835
98636,Tyrese Proctor,CLE,2025,1272870,58bbb0725483f12472be198581a617cda36bc1faf6addf867c8d43ab9ad8e0dd,2025-08-25T00:26:40.058835
98635,Maxime Raynaud,SAC,2025,1272870,1b52c91bb4a6c7e6d024af598e6d542f286f3f6af342eedf9ac0cae2e2ee2b7c,2025-08-25T00:26:40.058835
98625,Adou Thiero,LAL,2025,1272870,29558204259567ce2a0ac23d86a30c125850f822e5dd394af4f1517d11c579a5,2025-08-25T00:26:40.058835
94483,Trey Alexander,NOP,2025,85300,91f5feca12dc12364e8993e53f2c539f168fe331b37bdba110fb070c0cd7867b,2025-08-25T00:26:40.058835
78565,Dominick Barlow,PHI,2025,85300,ef94966e931bbc8002052a8812b91f8dc18e19a52cc972fa4cd08818585c76e2,2025-08-25T00:26:40.058835
99258,Brooks Barnhizer,OKC,2025,85300,fdb68faece83940158343bc7bd71bfe012f4b152343702e4deb98e85059b2146,2025-08-25T00:26:40.058835
99631,Tamar Bates,DEN,2025,85300,c6ea321165759930dfdcf0819de6f16360b0cc4525e0071ddc3badad9693c831,2025-08-25T00:26:40.058835
99256,Koby Brea,PHX,2025,85300,08504d31f60951ff64ad0784ade550a7d32a18db53c964848c6be548526b0479,2025-08-25T00:26:40.058835
78584,Jamal Cain,ORL,2025,85300,41d9367d2ac85fbe68b4839563cc8486d1e4d637a92991997c68edc8ae0cb479,2025-08-25T00:26:40.058835
94482,Isaiah Crawford,HOU,2025,85300,ed52b6a30acdc79d0f33299fc3cc14abbbba12d605d7548eca49a32d6fef131e,2025-08-25T00:26:40.058835
78163,J.D. Davison,HOU,2025,85300,3eb17300fad66c187af5176073e830f0210f846681edf6578703cfad347ff2e9,2025-08-25T00:26:40.058835
99654,Hunter Dickinson,NOP,2025,85300,3333e61a6240edefa8e4091fc66eef24e71138c899dab9624f78722efc436f53,2025-08-25T00:26:40.058835
79693,Tyson Etienne,BKN,2025,85300,44f85a6d401e49c2dfb8048dc2c8b07d93920fbc96ed101196fbc42417ba7695,2025-08-25T00:26:40.058835
95276,Trentyn Flowers,LAC,2025,85300,cf6d8216a45cbfc6334b0e5f0163f35d72f9963e17bc5ed9cb9cbf3e5b327286,2025-08-25T00:26:40.058835
93958,Enrique Freeman,MIN,2025,85300,d308afde5967c0231ec8f7eab0276b19315eb2111436bd5971d10412d1895652,2025-08-25T00:26:40.058835
95569,Myron Gardner,MIA,2025,85300,cb7970cf4cb5b042b8531852371ae86aa32a46a29688aea0cd983443038fb362,2025-08-25T00:26:40.058835
99644,Vladislav Goldin,MIA,2025,85300,366f1963d38c82bfa50317c0c8143013f039fde3ad361a39049d2f248d276e25,2025-08-25T00:26:40.058835
94515,P.J. Hall,MEM,2025,85300,9cb1d0bff8c77a831a0fc30165a5cc18ca9cf91936c86babb03f2350594a3afb,2025-08-25T00:26:40.058835
99630,Chucky Hepburn,TOR,2025,85300,901de441610ad79c71d2af67f60c5b229eaa7e96041ae9e1163a26fd999bb785,2025-08-25T00:26:40.058835
91775,Harrison Ingram,SAS,2025,85300,19d92e8af8b3b7a95b35f4ade6743c6c45a28a68cb46a617c34e72650f6d835b,2025-08-25T00:26:40.058835
79955,Quenton Jackson,IND,2025,85300,d9d9585fc098e72409d3c64a154001579a12ab3130c929210bab3e0e1cb87cd9,2025-08-25T00:26:40.058835
100540,Curtis Jones,DEN,2025,85300,c3e1daa3960547886d4e16227bd3620e31bade279748076e12d860b8a8ab6139,2025-08-25T00:26:40.058835
95438,Spencer Jones,DEN,2025,85300,11506b13e9b01515d57fbc3b9e0fa0009a59afb842736f71f799d11ab0e9d206,2025-08-25T00:26:40.058835
100548,David Jones-Garcia,SAS,2025,85300,53b334402d9d86e5052115a865c94d85d49dbe6c4df2d533a796419f7389cd13,2025-08-25T00:26:40.058835
95565,Yuki Kawamura,CHI,2025,85300,185dc9ab13394f0de4b7149930dd31f924aa1d7f66084e3bf7ce3b262ab2c7af,2025-08-25T00:26:40.058835
99653,Miles Kelly,DAL,2025,85300,023fba02d45d6204c0c63b93d91dd5d39dc1dcb19afd99dc257e6f1f10a47537,2025-08-25T00:26:40.058835
78131,Christian Koloko,LAL,2025,85300,cf1c938d7d73c00a19b684c130ac6c0881af6e69d48c21440d929ea2445aa38c,2025-08-25T00:26:40.058835
74149,Isaiah Livers,PHX,2025,85300,6c80cdc9df180fdc77b69452b0b307a7503d5036e9b50ee38749145cb7662ee7,2025-08-25T00:26:40.058835
99629,Caleb Love,POR,2025,85300,5f9d0f073b0ddac8c42c6f80aa5afec1280140d88d7752622a07b874014e05c0,2025-08-25T00:26:40.058835
98642,Alijah Martin,TOR,2025,85300,8c9a75cdcac65a2d4eab6fc567f08ed664b3837493c1bc4b4034c2495b5c2c06,2025-08-25T00:26:40.058835
78140,Bryce McGowens,NOP,2025,85300,3db8d1fca1483383ca219b05bc7da2ddfd31d2896609aab8454813a458a39909,2025-08-25T00:26:40.058835
94538,Emanuel Miller,CHI,2025,85300,b41b6264dde4a525aea5af4789d4262dfe5014a6ba1e967d62d6d6764c826e7a,2025-08-25T00:26:40.058835
84474,Jordan Miller,LAC,2025,85300,e768d71f6a127844596ad71b8d37e8cdb1c5296eb0ab6add97316ed1335bdc11,2025-08-25T00:26:40.058835
99650,Eli N'Diaye,ATL,2025,85300,fd7f1bc4ffeeccaac115fb66f1451e2e972f1cc5465126940cfc0c29327dac72,2025-08-25T00:26:40.058835
99651,Ryan Nembhard,DAL,2025,85300,33f1ec1574515d6e0010834d984854a8a80c88ea856e72b8e06c9a12ced6a8dc,2025-08-25T00:26:40.058835
99268,Lachlan Olbrich,CHI,2025,85300,405d3deab0ccd564ae1bc767c569800b60d638c1b4d673be6bf5fba217faf0da,2025-08-25T00:26:40.058835
99267,Taelon Peter,IND,2025,85300,829fbd17eafdd580c5b5588ee293fd60e190eac14f5ac4ab6ef0a895220637c6,2025-08-25T00:26:40.058835
85837,Drew Peterson,CHA,2025,85300,ae2fba0b58fcfefa0fb70bd15d989728010109f7e19e74d86dd7d8403eb87da2,2025-08-25T00:26:40.058835
93956,Antonio Reeves,CHA,2025,85300,2e106967a626f25fb7308db14e9ea4af4004e22523155b22608f49fd9aefc80d,2025-08-25T00:26:40.058835
78309,Orlando Robinson,ORL,2025,85300,097dc9ca229cf8ae663e5bd12c56eb1f21ab32671d9bfa1025c550d34712cdd9,2025-08-25T00:26:40.058835
91789,Hunter Sallis,PHI,2025,85300,d09a8080319bbf7231f779d5e77f15b65ecfcab22e63e6dedabf0ab0d5837bf1,2025-08-25T00:26:40.058835
99262,Kobe Sanders,LAC,2025,85300,65702f5138124805ebd107f8b35efa4a78048ade34df126ced0cbdc14314da01,2025-08-25T00:26:40.058835
99652,Mark Sears,MIL,2025,85300,47e0a2e4941bcdb97bcd93c0454a5dc14fc69abcbcc05c641455cba63b3a2dd7,2025-08-25T00:26:40.058835
99270,Max Shulga,BOS,2025,85300,d171e8db1fd8fb406370d0c7e0ff163f467183ea1be77b45407c9b007a4e55dd,2025-08-25T00:26:40.058835
94497,Isaiah Stevens,SAC,2025,85300,d3d528d2ad54ca0d4e3b6968e6bcbd21e262eaf458e9fdefe3325cce53a38667,2025-08-25T00:26:40.058835
84769,Jacob Toppin,ATL,2025,85300,681b5b8628c5e0837e9db54a4bd2fbde4d84f6a436c0286638eb986183b745d6,2025-08-25T00:26:40.058835
78166,Luke Travers,CLE,2025,85300,6bf025a19272472949703a47409a2d1959e4059566d3ca90ce749b79c9753fea,2025-08-25T00:26:40.058835
84470,Tristan Vukcevic,WAS,2025,85300,0ca8812ff2f6aac30f866acf69883f12106040fa89ff01c3b51cea47ab47c6f2,2025-08-25T00:26:40.058835
78167,Jabari Walker,PHI,2025,85300,6cd80e9c840c63e3aa3b1061d5105f0cf1d6be0de369161aa8e423e263aadf3a,2025-08-25T00:26:40.058835
79960,Keaton Wallace,ATL,2025,85300,0e6d1c7d9ebeae71259c939102b51bb58b08866f11b5d7d12bb34c6a6e42bcc1,2025-08-25T00:26:40.058835
99257,Jamir Watkins,WAS,2025,85300,bbde40f6de23cb3a975b9567bee483ed1365ffbbc1920843272a43ed8896ec86,2025-08-25T00:26:40.058835
99259,Rocco Zikarsky,MIN,2025,85300,2576838076dc3b0fde8783b3b7339ef0407b2e5736537bad14f451a66edffbbc,2025-08-25T00:26:40.058835
79950,Daeqwon Plowden,SAC,2025,75000,251276fb339492a63ca9067e1fd1874fdf72589283fb308476e6b5e88a2bc683,2025-08-25T00:26:40.058835
70771,Kevon Harris,HOU,2025,25000,6ab403db836fabb334a48d012fd02ca67619beda572d8a0de05b394796aee7ca,2025-08-25T00:26:40.058835
